"ABRSZ5101-27R-B110#","564.3297","0","542.5002","0","0","20.79","1.0395" 
"ABRSZ5101-27R-B112#","574.62048","0","552.39408","0","0","21.168","1.0584" 
"ABRSZ5101-27R-B120#","615.5676","0","591.7536","0","0","22.68","1.134" 
"ABRSZ5101-27R-B124#","636.18696","0","611.57916","0","0","23.436","1.1718" 
"ABRSZ5101-2R-B100RM+SMB#","57.752","0","37.888","0","0","18.908","0.956" 
"ABRSZ5101-2R-B104RM+SMB#","60.05584","0","39.39728","0","0","19.66432","0.99424" 
"ABRSZ5101-2R-B105RM+SMB#","60.6312","0","39.774","0","0","19.8534","1.0038" 
"ABRSZ5101-2R-B107RM+SMB#","61.78608","0","40.5316","0","0","20.23156","1.02292" 
"ABRSZ5101-2R-B108RM+SMB#","62.36352","0","40.9104","0","0","20.42064","1.03248" 
"ABRSZ5101-2R-B110RM+SMB#","63.5228","0","41.6724","0","0","20.7988","1.0516" 
"ABRSZ5101-2R-B111RM+SMB#","64.10472","0","42.05568","0","0","20.98788","1.06116" 
"ABRSZ5101-2R-B112RM+SMB#","64.68","0","42.43232","0","0","21.17696","1.07072" 
"ABRSZ5101-2R-B115RM+SMB#","66.4148","0","43.5712","0","0","21.7442","1.0994" 
"ABRSZ5101-2R-B116RM+SMB#","66.99","0","43.94776","0","0","21.93328","1.10896" 
"ABRSZ5101-2R-B118RM+SMB#","68.14736","0","44.70784","0","0","22.31144","1.12808" 
"ABRSZ5101-2R-B120RM+SMB#","69.2904","0","45.4536","0","0","22.6896","1.1472" 
"ABRSZ5101-2R-B124RM+SMB#","71.61","0","46.97864","0","0","23.44592","1.18544" 
"ABRSZ5101-2R-B128RM+SMB#","73.92512","0","48.4992","0","0","24.20224","1.22368" 
"ABRSZ5101-2R-B133RM+SMB#","76.81016","0","50.39104","0","0","25.14764","1.27148" 
"ABRSZ5101-2R-B136RM+SMB#","78.53184","0","51.5168","0","0","25.71488","1.30016" 
"ABRSZ5101-2R-B144RM+SMB#","83.15712","0","54.55296","0","0","27.22752","1.37664" 
"ABRSZ5101-2R-B148RM+SMB#","85.47888","0","56.08016","0","0","27.98384","1.41488" 
"ABRSZ5101-2R-B154RM+SMB#","88.93192","0","58.34136","0","0","29.11832","1.47224" 
"ABRSZ5101-2R-B158RM+SMB#","91.23868","0","59.85356","0","0","29.87464","1.51048" 
"ABRSZ5101-2R-B81RM+SMB#","46.77264","0","30.6828","0","0","15.31548","0.77436" 
"ABRSZ5101-2R-B83RM+SMB#","47.92918","0","31.44206","0","0","15.69364","0.79348" 
"ABRSZ5101-2R-B86RM+SMB#","49.66672","0","32.58368","0","0","16.26088","0.82216" 
"ABRSZ5101-2R-B87RM+SMB#","50.23902","0","32.95734","0","0","16.44996","0.83172" 
"ABRSZ5101-2R-B88RM+SMB#","50.82","0","33.33968","0","0","16.63904","0.84128" 
"ABRSZ5101-2R-B95RM+SMB#","54.8644","0","35.9936","0","0","17.9626","0.9082" 
"ABRSZ5101-2R-B96RM+SMB#","55.43808","0","36.36864","0","0","18.15168","0.91776" 
"ABRSZ5101-2R-B97RM+SMB#","56.01362","0","36.74554","0","0","18.34076","0.92732" 
"ABRSZ5101-2R-B99RM+SMB#","57.16854","0","37.50318","0","0","18.71892","0.94644" 
"ABRSZ5101-3R-B104RM+SMB#","77.64744","0","56.9868","0","0","19.66536","0.99528" 
"ABRSZ5101-3R-B105RM+SMB#","78.3909","0","57.5316","0","0","19.85445","1.00485" 
"ABRSZ5101-3R-B107RM+SMB#","79.88406","0","58.62744","0","0","20.23263","1.02399" 
"ABRSZ5101-3R-B108RM+SMB#","80.63064","0","59.17536","0","0","20.42172","1.03356" 
"ABRSZ5101-3R-B110RM+SMB#","82.1304","0","60.2778","0","0","20.7999","1.0527" 
"ABRSZ5101-3R-B112RM+SMB#","83.62704","0","61.37712","0","0","21.17808","1.07184" 
"ABRSZ5101-3R-B115RM+SMB#","85.8705","0","63.0246","0","0","21.74535","1.10055" 
"ABRSZ5101-3R-B116RM+SMB#","86.61372","0","63.56916","0","0","21.93444","1.11012" 
"ABRSZ5101-3R-B120RM+SMB#","89.5896","0","65.7504","0","0","22.6908","1.1484" 
"ABRSZ5101-3R-B124RM+SMB#","92.58708","0","67.95324","0","0","23.44716","1.18668" 
"ABRSZ5101-3R-B128RM+SMB#","95.58144","0","70.15296","0","0","24.20352","1.22496" 
"ABRSZ5101-3R-B133RM+SMB#","99.3111","0","72.88932","0","0","25.14897","1.27281" 
"ABRSZ5101-3R-B136RM+SMB#","101.53488","0","74.51712","0","0","25.71624","1.30152" 
"ABRSZ5101-3R-B144RM+SMB#","107.51616","0","78.90912","0","0","27.22896","1.37808" 
"ABRSZ5101-3R-B148RM+SMB#","110.52048","0","81.1188","0","0","27.98532","1.41636" 
"ABRSZ5101-3R-B150RM+SMB#","111.9915","0","82.1925","0","0","28.3635","1.4355" 
"ABRSZ5101-3R-B154RM+SMB#","114.98256","0","84.38892","0","0","29.11986","1.47378" 
"ABRSZ5101-3R-B158RM+135#","117.96438","0","86.5761","0","0","29.87622","1.51206" 
"ABRSZ5101-3R-B158RM+SMB#","117.96438","0","86.5761","0","0","29.87622","1.51206" 
"ABRSZ5101-3R-B162RM+SMB#","120.94596","0","88.76304","0","0","30.63258","1.55034" 
"ABRSZ5101-3R-B173RM+SMB#","129.17391","0","94.80573","0","0","32.71257","1.65561" 
"ABRSZ5101-3R-B180RM+SMB#","134.4114","0","98.6526","0","0","34.0362","1.7226" 
"ABRSZ5101-3R-B195RM+SMB#","145.57725","0","106.83855","0","0","36.87255","1.86615" 
"ABRSZ5101-3R-B97RM+SMB#","72.42117","0","53.15115","0","0","18.34173","0.92829" 
"ABRSZ5101-4R-B104RM+SMB#","105.07328","0","84.41472","0","0","19.66432","0.99424" 
"ABRSZ5101-4R-B105RM+SMB#","106.0836","0","85.2264","0","0","19.8534","1.0038" 
"ABRSZ5101-4R-B107RM+SMB#","108.09996","0","86.84548","0","0","20.23156","1.02292" 
"ABRSZ5101-4R-B108RM+SMB#","109.11456","0","87.66144","0","0","20.42064","1.03248" 
"ABRSZ5101-4R-B110RM+SMB#","111.1396","0","89.2892","0","0","20.7988","1.0516" 
"ABRSZ5101-4R-B112RM+SMB#","113.1648","0","90.91712","0","0","21.17696","1.07072" 
"ABRSZ5101-4R-B118RM+SMB#","119.23192","0","95.7924","0","0","22.31144","1.12808" 
"ABRSZ5101-4R-B120RM+SMB#","121.2336","0","97.3968","0","0","22.6896","1.1472" 
"ABRSZ5101-4R-B124RM+SMB#","125.29456","0","100.6632","0","0","23.44592","1.18544" 
"ABRSZ5101-4R-B128RM+SMB#","129.34656","0","103.92064","0","0","24.20224","1.22368" 
"ABRSZ5101-4R-B133RM+SMB#","134.39384","0","107.97472","0","0","25.14764","1.27148" 
"ABRSZ5101-4R-B136RM+SMB#","137.39808","0","110.38304","0","0","25.71488","1.30016" 
"ABRSZ5101-4R-B144RM+SMB#","145.4976","0","116.89344","0","0","27.22752","1.37664" 
"ABRSZ5101-4R-B148RM+SMB#","149.56288","0","120.16416","0","0","27.98384","1.41488" 
"ABRSZ5101-4R-B154RM+SMB#","155.59544","0","125.00488","0","0","29.11832","1.47224" 
"ABRSZ5101-4R-B158RM+SMB#","159.63688","0","128.25176","0","0","29.87464","1.51048" 
"ABRSZ5101-4R-B162RM+SMB#","163.67184","0","131.49216","0","0","30.63096","1.54872" 
"ABRSZ5101-4R-B173RM+SMB#","174.80612","0","140.4414","0","0","32.71084","1.65388" 
"ABRSZ5101-4R-B180RM+SMB#","181.8936","0","146.1384","0","0","34.0344","1.7208" 
"ABRSZ5101-4R-B195RM+SMB#","196.9968","0","158.262","0","0","36.8706","1.8642" 
"ABRSZ5101-4R-B81RM+SMB#","81.83592","0","65.74608","0","0","15.31548","0.77436" 
"ABRSZ5101-5R-B105RM+SMB#","123.84225","0","102.984","0","0","19.8555","1.00275" 
"ABRSZ5101-5R-B112RM+SMB#","132.1152","0","109.8664","0","0","21.1792","1.0696" 
"ABRSZ5101-5R-B124RM+SMB#","146.2704","0","121.6378","0","0","23.4484","1.1842" 
"ABRSZ5101-5R-B128RM+SMB#","151.0016","0","125.5744","0","0","24.2048","1.2224" 
"ABRSZ5101-5R-B133RM+SMB#","156.89345","0","130.473","0","0","25.1503","1.27015" 
"ABRSZ5101-5R-B136RM+SMB#","160.4052","0","133.3888","0","0","25.7176","1.2988" 
"ABRSZ5101-5R-B144RM+SMB#","169.8552","0","141.2496","0","0","27.2304","1.3752" 
"ABRSZ5101-5R-B148RM+SMB#","174.603","0","145.2028","0","0","27.9868","1.4134" 
"ABRSZ5101-5R-B158RM+SMB#","186.361","0","154.9743","0","0","29.8778","1.5089" 
"ABRSZ5101-5R-B162RM+SMB#","191.0709","0","158.8896","0","0","30.6342","1.5471" 
"ABRSZ5101-5R-B173RM+SMB#","204.0708","0","169.70435","0","0","32.7143","1.65215" 
"ABRSZ5101-5R-B180RM+SMB#","212.346","0","176.589","0","0","34.038","1.719" 
"ABRSZ5101-5R-B195RM+SMB#","229.97325","0","191.2365","0","0","36.8745","1.86225" 
"ABRSZ5101-5R-B87RM+SMB#","102.6165","0","85.33395","0","0","16.4517","0.83085" 
"ABRSZ5101-6R-B110RM+SMB#","155.7798","0","133.9338","0","0","20.7966","1.0494" 
"ABRSZ5101-6R-B112RM+SMB#","158.61888","0","136.37568","0","0","21.17472","1.06848" 
"ABRSZ5101-6R-B120RM+SMB#","169.9272","0","146.0952","0","0","22.6872","1.1448" 
"ABRSZ5101-6R-B124RM+SMB#","175.6212","0","150.9948","0","0","23.44344","1.18296" 
"ABRSZ5101-6R-B128RM+SMB#","181.30176","0","155.88096","0","0","24.19968","1.22112" 
"ABRSZ5101-6R-B133RM+SMB#","188.37588","0","161.96208","0","0","25.14498","1.26882" 
"ABRSZ5101-6R-B136RM+SMB#","192.58416","0","165.57456","0","0","25.71216","1.29744" 
"ABRSZ5101-6R-B144RM+SMB#","203.93856","0","175.34016","0","0","27.22464","1.37376" 
"ABRSZ5101-6R-B148RM+SMB#","209.63904","0","180.24624","0","0","27.98088","1.41192" 
"ABRSZ5101-6R-B150RM+SMB#","212.427","0","182.637","0","0","28.359","1.431" 
"ABRSZ5101-6R-B154RM+SMB#","218.09172","0","187.50732","0","0","29.11524","1.46916" 
"ABRSZ5101-6R-B158RM+SMB#","223.75644","0","192.37764","0","0","29.87148","1.50732" 
"ABRSZ5101-6R-B162RM+SMB#","229.41144","0","197.23824","0","0","30.62772","1.54548" 
"ABRSZ5101-6R-B173RM+SMB#","245.0199","0","210.6621","0","0","32.70738","1.65042" 
"ABRSZ5101-6R-B180RM+SMB#","254.9556","0","219.2076","0","0","34.0308","1.7172" 
"ABRSZ5101-7R-B154RM+SMB#","271.21402","0","240.62038","0","0","29.11678","1.47686" 
"ABRSZ5101-7R-B162RM+SMB#","285.28038","0","253.09746","0","0","30.62934","1.55358" 
"ABRSZ5101-7R-B173RM+SMB#","304.69971","0","270.33153","0","0","32.70911","1.65907" 
"ABRSZ5101-7R-B180RM+SMB#","317.0538","0","281.295","0","0","34.0326","1.7262" 
"ABRSZ5101-7R-B195RM+SMB#","343.36575","0","304.62705","0","0","36.86865","1.87005" 
"ABRSZ5101-8R-B154RM+SMB#","280.61264","0","250.00976","0","0","29.12448","1.4784" 
"ABRSZ5101-8R-B162RM+SMB#","295.17696","0","262.98432","0","0","30.63744","1.5552" 
"ABRSZ5101-8R-B173RM+SMB#","315.26136","0","280.8828","0","0","32.71776","1.6608" 
"ABRSZ5101-8R-B180RM+SMB#","328.0464","0","292.2768","0","0","34.0416","1.728" 
"ABRSZ5101-8R-B195RM+SMB#","355.2744","0","316.524","0","0","36.8784","1.872" 
"ABRSZ5101-B124RM+SMB#","47.28492","0","22.65108","0","0","23.44716","1.18668" 
"ABRSZ5101-B128RM+SMB#","48.8128","0","23.38432","0","0","24.20352","1.22496" 
"ABRSZ5101-B133RM+135#","50.71822","0","24.29644","0","0","25.14897","1.27281" 
"ABRSZ5101-B136RM+SMB#","51.8568","0","24.83904","0","0","25.71624","1.30152" 
"ABRSZ5101-B144RM+135#","54.91008","0","26.30304","0","0","27.22896","1.37808" 
"ABRSZ5101-B148RM+SMB#","56.44128","0","27.0396","0","0","27.98532","1.41636" 
"ABRSZ5101-B150RM+SMB#","57.1965","0","27.3975","0","0","28.3635","1.4355" 
"ABRSZ5101-B81RM+SMB#","30.88854","0","14.79708","0","0","15.31629","0.77517" 
"ABRSZ5101-B83RM+135#","31.64873","0","15.15995","0","0","15.69447","0.79431" 
"ABRSZ5101-B95RM+135#","36.2273","0","17.3546","0","0","17.96355","0.90915" 
"ABRSZ5101-B97RM+135#","36.98707","0","17.71705","0","0","18.34173","0.92829" 
"ARRCY5002-5876100520+17502N#","6.955873","0","0.328581","3.451559","0.947943","0.915126","1.312664" 
"ARRCY5002-RECMF-1250+N#","3.8765","0","0.15975","1.4945","0.4585","0.74775","1.016" 
"ARRCY5002-RECMF-1270+N#","4.181969","0","0.172338","1.612267","0.49463","0.806673","1.096061" 
"ARRCY5002-RECMF-1280+N#","4.333928","0","0.178601","1.670851","0.512603","0.835985","1.135888" 
"ARRCY5002-RECMF-1285+N#","4.425413","0","0.182371","1.706121","0.523424","0.853631","1.159866" 
"ARRCY5002-RECMF-1290+N#","4.487437","0","0.184927","1.730033","0.53076","0.865595","1.176122" 
"ARRCY5002-RECMF-1295+N#","4.578921","0","0.188697","1.765303","0.54158","0.883242","1.200099" 
"ARRCY5002-RECMF-1300+N#","4.639396","0","0.191189","1.788618","0.548733","0.894907","1.215949" 
"ARRCY5002-RECMF-1305+N#","4.217093","0","0.194654","1.840363","0.561079","0.675797","0.9452" 
"ARRCY5002-RECMF-1310+N#","4.272381","0","0.197206","1.864491","0.568435","0.684657","0.957592" 
"ARRCY5002-RECMF-1315+N#","4.35393","0","0.20097","1.90008","0.579285","0.697725","0.97587" 
"ARRCY5002-RECMF-1320+N#","4.43548","0","0.204734","1.935669","0.590135","0.710794","0.994148" 
"ARRCY5002-RECMF-1325+N#","4.489385","0","0.207222","1.959194","0.597307","0.719432","1.00623" 
"ARRCY5002-RECMF-1330+N#","4.570936","0","0.210987","1.994782","0.608157","0.732501","1.024509" 
"ARRCY5002-RECMF-1330+N/Z#","4.570936","0","0.210987","1.994782","0.608157","0.732501","1.024509" 
"ARRCY5002-RECMF-1335+N#","4.624841","0","0.213475","2.018307","0.615329","0.741139","1.036591" 
"ARRCY5002-RECMF-1340+N#","4.707773","0","0.217303","2.054499","0.626363","0.754429","1.055179" 
"ARRCY5002-RECMF-1345+N#","4.76168","0","0.219791","2.078024","0.633536","0.763068","1.067261" 
"ARRCY5002-RECMF-1355+N#","4.897135","0","0.226043","2.137138","0.651558","0.784775","1.097621" 
"ARRCY5002-RECMF-1365+N#","5.033973","0","0.23236","2.196854","0.669764","0.806703","1.128292" 
"ARRCY5002-RECMF-1370+N#","5.115523","0","0.236124","2.232443","0.680614","0.819772","1.14657" 
"ARRCY5002-RECMF-1375+N#","5.197072","0","0.239888","2.268032","0.691464","0.83284","1.164848" 
"ARRCY5002-RECMF-1380+N#","5.250978","0","0.242376","2.291557","0.698636","0.841479","1.17693" 
"ARRCY5002-RECMF-1385+N#","5.332527","0","0.24614","2.327146","0.709486","0.854547","1.195208" 
"ARRCY5002-RECMF-1390+N#","5.387815","0","0.248692","2.351274","0.716842","0.863407","1.2076" 
"ARRCY5002-RECMF-1395+N#","5.469366","0","0.252457","2.386862","0.727692","0.876476","1.225879" 
"ARRCY5002-RECMF-1400+N#","5.523271","0","0.254945","2.410387","0.734864","0.885114","1.237961" 
"ARRCY5002-RECMF-1405+N#","5.22649","0","0.258709","2.458141","0.746526","0.723412","1.039702" 
"ARRCY5002-RECMF-1410+N#","5.276757","0","0.261197","2.481783","0.753705","0.73037","1.049702" 
"ARRCY5002-RECMF-1415+N#","5.354091","0","0.265025","2.518155","0.764751","0.741074","1.065086" 
"ARRCY5002-RECMF-1420+N#","5.404357","0","0.267513","2.541797","0.771931","0.748031","1.075085" 
"ARRCY5002-RECMF-1425+N#","5.480403","0","0.271278","2.577562","0.782793","0.758557","1.090213" 
"ARRCY5002-RECMF-1430+N#","5.530669","0","0.273766","2.601204","0.789973","0.765514","1.100212" 
"ARRCY5002-RECMF-1435+N#","5.606715","0","0.27753","2.63697","0.800835","0.77604","1.11534" 
"ARRCY5002-RECMF-1440+N#","5.682761","0","0.281294","2.672736","0.811697","0.786566","1.130468" 
"ARRCY5002-RECMF-1445+N#","5.734317","0","0.283846","2.696984","0.819061","0.793702","1.140724" 
"ARRCY5002-RECMF-1450+N#","5.810361","0","0.28761","2.73275","0.829923","0.804227","1.155851" 
"ARRCY5002-RECMF-1455+N#","5.860629","0","0.290099","2.756391","0.837103","0.811185","1.165851" 
"ARRCY5002-RECMF-1460+N#","5.936673","0","0.293863","2.792157","0.847965","0.82171","1.180978" 
"ARRCY5002-RECMF-1465+N#","5.988229","0","0.296415","2.816405","0.855329","0.828846","1.191234" 
"ARRCY5002-RECMF-1475+N#","6.114542","0","0.302667","2.875813","0.87337","0.84633","1.216362" 
"ARRCY5002-RECMF-1485+N#","6.242142","0","0.308983","2.935827","0.891596","0.863991","1.241745" 
"ARRCY5002-RECMF-1515+N#","6.336922","0","0.328501","3.135456","0.950435","0.780254","1.142276" 
"ARRCY5002-RECMF-1530+N#","6.506498","0","0.337292","3.21936","0.975869","0.801134","1.172843" 
"ARRCY5002-RECMF-1540+N#","6.628147","0","0.343598","3.279552","0.994114","0.816112","1.194771" 
"ARRCY5002-RECMF-1550+N#","6.74857","0","0.34984","3.339136","1.012176","0.83094","1.216478" 
"ARRCY5002-RECMF-1560+N#","6.870221","0","0.356147","3.399328","1.030421","0.845918","1.238407" 
"ARRCY5002-RECMF-6255+N#","5.215841","0","0.208131","2.148069","0.596904","0.958973","1.303764" 
"ARRCY5002-RECMF-6260+N#","5.293542","0","0.211232","2.180069","0.605796","0.973259","1.323186" 
"ARRCY5002-RECMF-6265+N#","5.41308","0","0.216002","2.229299","0.619476","0.995237","1.353066" 
"ARRCY5002-RECMF-6275+N#","5.608326","0","0.223793","2.309708","0.64182","1.031135","1.40187" 
"ARRCY5002-RECMF-6280+N#","5.686024","0","0.226893","2.341707","0.650712","1.04542","1.421292" 
"ARRCY5002-RECMF-6285+N#","5.803571","0","0.231584","2.390117","0.664164","1.067032","1.450674" 
"ARRCY5002-RECMF-6290+N#","5.921116","0","0.236274","2.438526","0.677616","1.088644","1.480056" 
"ARRCY5002-RECMF-6295+N#","5.386058","0","0.238852","2.491526","0.687338","0.821071","1.147271" 
"ARRCY5002-RECMF-6300+N#","5.491562","0","0.24353","2.540331","0.700802","0.837155","1.169744" 
"ARRCY5002-RECMF-6305+N#","5.561302","0","0.246623","2.572592","0.709702","0.847786","1.184599" 
"ARRCY5002-RECMF-6310+N#","5.666806","0","0.251302","2.621397","0.723166","0.863869","1.207072" 
"ARRCY5002-RECMF-6315+N#","5.738334","0","0.254474","2.654485","0.732294","0.874773","1.222308" 
"ARRCY5002-RECMF-6320+N#","5.843838","0","0.259152","2.70329","0.745758","0.890857","1.244781" 
"ARRCY5002-RECMF-6325+N#","5.913576","0","0.262245","2.73555","0.754657","0.901488","1.259636" 
"ARRCY5002-RECMF-6330+N#","6.019081","0","0.266924","2.784355","0.768121","0.917572","1.282109" 
"ARRCY5002-RECMF-6335+N#","6.090609","0","0.270096","2.817443","0.777249","0.928476","1.297345" 
"ARRCY5002-RECMF-6340+N#","6.196114","0","0.274775","2.866248","0.790713","0.944559","1.319819" 
"ARRCY5002-RECMF-6345+N#","6.265853","0","0.277867","2.898509","0.799613","0.95519","1.334674" 
"ARRCY5002-RECMF-6350+N#","6.371358","0","0.282546","2.947314","0.813077","0.971274","1.357147" 
"ARRCY5002-RECMF-6360+N#","6.5466","0","0.290317","3.028379","0.83544","0.997989","1.394475" 
"ARRCY5002-RECMF-6365+N#","6.652104","0","0.294996","3.077184","0.848904","1.014072","1.416948" 
"ARRCY5002-RECMF-6370+N#","6.723632","0","0.298168","3.110272","0.858032","1.024976","1.432184" 
"ARRCY5002-RECMF-6375+N#","6.829136","0","0.302847","3.159077","0.871496","1.041059","1.454657" 
"ARRCY5002-RECMF-6380+N#","6.898876","0","0.305939","3.191338","0.880396","1.051691","1.469512" 
"ARRCY5002-RECMF-6385+N#","7.004378","0","0.310618","3.240142","0.893859","1.067774","1.491985" 
"ARRCY5002-RECMF-6390+N#","7.075906","0","0.31379","3.27323","0.902987","1.078678","1.507221" 
"ARRCY5002-RECMF-6395+N#","6.724792","0","0.317666","3.336894","0.916451","0.884725","1.269056" 
"ARRCY5002-RECMF-6400+N#","6.790099","0","0.320751","3.3693","0.925351","0.893317","1.28138" 
"ARRCY5002-RECMF-6405+N#","6.888893","0","0.325417","3.418323","0.938815","0.906314","1.300024" 
"ARRCY5002-RECMF-6410+N#","6.955873","0","0.328581","3.451559","0.947943","0.915126","1.312664" 
"ARRCY5002-RECMF-6410+N/Z#","6.955873","0","0.328581","3.451559","0.947943","0.915126","1.312664" 
"ARRCY5002-RECMF-6415+N#","7.054669","0","0.333248","3.500582","0.961407","0.928124","1.331308" 
"ARRCY5002-RECMF-6420+N#","7.153464","0","0.337915","3.549605","0.97487","0.941122","1.349952" 
"ARRCY5002-RECMF-6430+N#","7.317565","0","0.345667","3.631033","0.997234","0.962711","1.38092" 
"ARRCY5002-RECMF-6435+N#","7.382871","0","0.348752","3.663438","1.006134","0.971303","1.393244" 
"ARRCY5002-RECMF-6440+N#","7.483341","0","0.353498","3.713292","1.019826","0.984521","1.412204" 
"ARRCY5002-RECMF-6445+N#","7.548646","0","0.356583","3.745697","1.028726","0.993112","1.424528" 
"ARRCY5002-RECMF-6450+N#","7.647441","0","0.36125","3.79472","1.042189","1.00611","1.443172" 
"ARRCY5002-RECMF-6455+N#","7.712747","0","0.364335","3.827125","1.051089","1.014702","1.455496" 
"ARRCY5002-RECMF-6460+N#","7.811544","0","0.369002","3.876149","1.064553","1.0277","1.47414" 
"ARRCY5002-RECMF-6470+N#","7.977318","0","0.376832","3.958408","1.087145","1.049509","1.505424" 
"ARRCY5002-RECMF-6480+N#","8.141419","0","0.384584","4.039836","1.109508","1.071099","1.536392" 
"ARRCY5002-RECMF-6490+N#","8.307194","0","0.392415","4.122095","1.1321","1.092908","1.567676" 
"ARRCY5002-RECMF-6500+N#","8.105531","0","0.399661","4.215159","1.154464","0.948057","1.38819" 
"ARRCY5002-RECMF-6510+N#","8.262545","0","0.407403","4.296812","1.176827","0.966422","1.415081" 
"ARRCY5002-RECMF-6520+N#","8.421162","0","0.415224","4.379299","1.199419","0.984974","1.442246" 
"ARRCY5002-RECMF-6530+N#","8.57818","0","0.422966","4.460953","1.221783","1.00334","1.469138" 
"ARRCY5002-RECMF-6535+N#","8.674312","0","0.427706","4.510945","1.235475","1.014584","1.485602" 
"ARRCY5002-RECMF-6540+N#","8.767238","0","0.432288","4.55927","1.24871","1.025453","1.501517" 
"ARRCY5002-RECMF-6545+N#","8.831326","0","0.435448","4.592598","1.257838","1.032949","1.512493" 
"ARRCY5012-RECMF-1250+510#","3.65675","0","0.07925","1.39875","0.453","0.73125","0.9945" 
"ARRCY5012-RECMF-1250+510N#","3.65675","0","0.07925","1.39875","0.453","0.73125","0.9945" 
"ARRCY5012-RECMF-1260+510N#","3.800095","0","0.082357","1.453581","0.470758","0.759915","1.033484" 
"ARRCY5012-RECMF-1265+510N#","3.886395","0","0.084227","1.486592","0.481448","0.777173","1.056955" 
"ARRCY5012-RECMF-1270+510#","3.944903","0","0.085495","1.508972","0.488696","0.788873","1.072867" 
"ARRCY5012-RECMF-1270+510N#","3.944903","0","0.085495","1.508972","0.488696","0.788873","1.072867" 
"ARRCY5012-RECMF-1275+510N#","4.031201","0","0.087365","1.541982","0.499387","0.80613","1.096337" 
"ARRCY5012-RECMF-1280+510#","4.088248","0","0.088602","1.563803","0.506454","0.817538","1.111851" 
"ARRCY5012-RECMF-1280+510N#","4.088248","0","0.088602","1.563803","0.506454","0.817538","1.111851" 
"ARRCY5012-RECMF-1285+510#","4.174546","0","0.090472","1.596813","0.517145","0.834795","1.135321" 
"ARRCY5012-RECMF-1285+510N#","4.174546","0","0.090472","1.596813","0.517145","0.834795","1.135321" 
"ARRCY5012-RECMF-1290+510#","4.233054","0","0.09174","1.619193","0.524393","0.846495","1.151233" 
"ARRCY5012-RECMF-1290+510N#","4.233054","0","0.09174","1.619193","0.524393","0.846495","1.151233" 
"ARRCY5012-RECMF-1295+510N#","4.319354","0","0.09361","1.652204","0.535084","0.863753","1.174703" 
"ARRCY5012-RECMF-1300+510#","4.376398","0","0.094846","1.674024","0.54215","0.87516","1.190218" 
"ARRCY5012-RECMF-1300+510N#","4.376398","0","0.094846","1.674024","0.54215","0.87516","1.190218" 
"ARRCY5012-RECMF-1310+510#","4.003464","0","0.097367","1.741779","0.560707","0.668583","0.935028" 
"ARRCY5012-RECMF-1310+510N#","4.003464","0","0.097367","1.741779","0.560707","0.668583","0.935028" 
"ARRCY5012-RECMF-1315+510#","4.07988","0","0.099225","1.775025","0.57141","0.681345","0.952875" 
"ARRCY5012-RECMF-1315+510N#","4.07988","0","0.099225","1.775025","0.57141","0.681345","0.952875" 
"ARRCY5012-RECMF-1320+510#","4.156299","0","0.101084","1.808272","0.582113","0.694107","0.970723" 
"ARRCY5012-RECMF-1320+510N#","4.156299","0","0.101084","1.808272","0.582113","0.694107","0.970723" 
"ARRCY5012-RECMF-1325+510#","4.206809","0","0.102312","1.830248","0.589187","0.702542","0.98252" 
"ARRCY5012-RECMF-1325+510N#","4.206809","0","0.102312","1.830248","0.589187","0.702542","0.98252" 
"ARRCY5012-RECMF-1330+510#","4.283228","0","0.104171","1.863495","0.59989","0.715304","1.000368" 
"ARRCY5012-RECMF-1330+510N#","4.283228","0","0.104171","1.863495","0.59989","0.715304","1.000368" 
"ARRCY5012-RECMF-1335+510#","4.333739","0","0.105399","1.885471","0.606964","0.72374","1.012165" 
"ARRCY5012-RECMF-1335+510N#","4.333739","0","0.105399","1.885471","0.606964","0.72374","1.012165" 
"ARRCY5012-RECMF-1340+510#","4.411451","0","0.107289","1.919281","0.617848","0.736718","1.030315" 
"ARRCY5012-RECMF-1340+510N#","4.411451","0","0.107289","1.919281","0.617848","0.736718","1.030315" 
"ARRCY5012-RECMF-1345+510N#","4.461966","0","0.108518","1.941258","0.624923","0.745154","1.042113" 
"ARRCY5012-RECMF-1350+510#","4.538381","0","0.110376","1.974504","0.635626","0.757915","1.05996" 
"ARRCY5012-RECMF-1350+510N#","4.538381","0","0.110376","1.974504","0.635626","0.757915","1.05996" 
"ARRCY5012-RECMF-1355+510N#","4.588895","0","0.111605","1.996481","0.6427","0.766351","1.071758" 
"ARRCY5012-RECMF-1360+510N#","4.665311","0","0.113463","2.029727","0.653403","0.779113","1.089605" 
"ARRCY5012-RECMF-1365+510N#","4.717119","0","0.114723","2.052267","0.660659","0.787765","1.101705" 
"ARRCY5012-RECMF-1370+510N#","4.793535","0","0.116582","2.085513","0.671361","0.800526","1.119553" 
"ARRCY5012-RECMF-1375+510N#","4.869952","0","0.11844","2.11876","0.682064","0.813288","1.1374" 
"ARRCY5012-RECMF-1380+510#","4.920467","0","0.119669","2.140737","0.689139","0.821724","1.149198" 
"ARRCY5012-RECMF-1380+510N#","4.920467","0","0.119669","2.140737","0.689139","0.821724","1.149198" 
"ARRCY5012-RECMF-1385+510#","4.996881","0","0.121527","2.173983","0.699841","0.834485","1.167045" 
"ARRCY5012-RECMF-1385+510N#","4.996881","0","0.121527","2.173983","0.699841","0.834485","1.167045" 
"ARRCY5012-RECMF-1390+510#","5.048689","0","0.122787","2.196523","0.707097","0.843137","1.179145" 
"ARRCY5012-RECMF-1390+510N#","5.048689","0","0.122787","2.196523","0.707097","0.843137","1.179145" 
"ARRCY5012-RECMF-1395+510N#","5.125108","0","0.124646","2.22977","0.7178","0.855899","1.196993" 
"ARRCY5012-RECMF-1400+510#","5.175619","0","0.125874","2.251746","0.724874","0.864335","1.20879" 
"ARRCY5012-RECMF-1400+510N#","5.175619","0","0.125874","2.251746","0.724874","0.864335","1.20879" 
"ARRCY5012-RECMF-1405+510N#","4.874923","0","0.127733","2.294319","0.735983","0.704354","1.012534" 
"ARRCY5012-RECMF-1410+510#","4.921807","0","0.128961","2.316385","0.743061","0.711128","1.022272" 
"ARRCY5012-RECMF-1410+510N#","4.921807","0","0.128961","2.316385","0.743061","0.711128","1.022272" 
"ARRCY5012-RECMF-1415+510N#","4.993939","0","0.130851","2.350333","0.753951","0.72155","1.037254" 
"ARRCY5012-RECMF-1420+510#","5.040825","0","0.13208","2.372399","0.76103","0.728324","1.046992" 
"ARRCY5012-RECMF-1420+510N#","5.040825","0","0.13208","2.372399","0.76103","0.728324","1.046992" 
"ARRCY5012-RECMF-1425+510N#","5.111754","0","0.133938","2.405782","0.771738","0.738572","1.061724" 
"ARRCY5012-RECMF-1430+510#","5.158642","0","0.135167","2.427848","0.778817","0.745347","1.071463" 
"ARRCY5012-RECMF-1430+510N#","5.158642","0","0.135167","2.427848","0.778817","0.745347","1.071463" 
"ARRCY5012-RECMF-1440+510#","5.3005","0","0.138884","2.494612","0.800234","0.765843","1.100927" 
"ARRCY5012-RECMF-1440+510N#","5.3005","0","0.138884","2.494612","0.800234","0.765843","1.100927" 
"ARRCY5012-RECMF-1450+510#","5.419518","0","0.142002","2.550626","0.818202","0.78304","1.125648" 
"ARRCY5012-RECMF-1450+510N#","5.419518","0","0.142002","2.550626","0.818202","0.78304","1.125648" 
"ARRCY5012-RECMF-1455+510N#","5.466405","0","0.143231","2.572693","0.825281","0.789814","1.135386" 
"ARRCY5012-RECMF-1460+510#","5.537333","0","0.145089","2.606075","0.835989","0.800062","1.150118" 
"ARRCY5012-RECMF-1460+510N#","5.537333","0","0.145089","2.606075","0.835989","0.800062","1.150118" 
"ARRCY5012-RECMF-1465+510#","5.585421","0","0.146349","2.628707","0.843249","0.80701","1.160106" 
"ARRCY5012-RECMF-1465+510N#","5.585421","0","0.146349","2.628707","0.843249","0.80701","1.160106" 
"ARRCY5012-RECMF-1470+510N#","5.656353","0","0.148208","2.662089","0.853958","0.817259","1.174839" 
"ARRCY5012-RECMF-1475+510N#","5.703237","0","0.149436","2.684155","0.861036","0.824033","1.184577" 
"ARRCY5012-RECMF-1480+510N#","5.774167","0","0.151295","2.717537","0.871745","0.834281","1.199309" 
"ARRCY5012-RECMF-1490+510N#","5.893184","0","0.154413","2.773552","0.889713","0.851477","1.224029" 
"ARRCY5012-RECMF-1500+510N#","5.717","0","0.157","2.8365","0.908","0.7335","1.082" 
"ARRCY5012-RECMF-1510+510N#","5.829053","0","0.160077","2.892095","0.925797","0.747877","1.103207" 
"ARRCY5012-RECMF-1520+510N#","5.94225","0","0.163186","2.948258","0.943775","0.7624","1.124631" 
"ARRCY5012-RECMF-1530+510N#","6.054304","0","0.166263","3.003854","0.961572","0.776777","1.145838" 
"ARRCY5012-RECMF-1550+510N#","6.279553","0","0.172449","3.115612","0.997347","0.805676","1.188469" 
"ARRCY5012-RECMF-1560+510N#","6.392749","0","0.175557","3.171774","1.015326","0.8202","1.209892" 
"ARRCY5012-RECMF-6255+510N#","4.730204","0","0.100793","1.893338","0.576484","0.914206","1.245383" 
"ARRCY5012-RECMF-6260+510N#","4.800667","0","0.102295","1.921542","0.585071","0.927824","1.263935" 
"ARRCY5012-RECMF-6270+510N#","4.97954","0","0.106106","1.993139","0.606871","0.962395","1.311029" 
"ARRCY5012-RECMF-6280+510#","5.156608","0","0.109879","2.064013","0.628451","0.996617","1.357648" 
"ARRCY5012-RECMF-6280+510N#","5.156608","0","0.109879","2.064013","0.628451","0.996617","1.357648" 
"ARRCY5012-RECMF-6285+510N#","5.26321","0","0.112151","2.106682","0.641443","1.01722","1.385714" 
"ARRCY5012-RECMF-6290+510N#","5.369808","0","0.114422","2.14935","0.654434","1.037822","1.41378" 
"ARRCY5012-RECMF-6300+510#","4.937246","0","0.117619","2.236609","0.675927","0.795082","1.112009" 
"ARRCY5012-RECMF-6300+510N#","4.937246","0","0.117619","2.236609","0.675927","0.795082","1.112009" 
"ARRCY5012-RECMF-6305+510#","4.999947","0","0.119113","2.265013","0.684511","0.805179","1.126131" 
"ARRCY5012-RECMF-6305+510N#","4.999947","0","0.119113","2.265013","0.684511","0.805179","1.126131" 
"ARRCY5012-RECMF-6310+510#","5.094802","0","0.121373","2.307983","0.697497","0.820454","1.147495" 
"ARRCY5012-RECMF-6310+510N#","5.094802","0","0.121373","2.307983","0.697497","0.820454","1.147495" 
"ARRCY5012-RECMF-6315+510N#","5.15911","0","0.122905","2.337115","0.706301","0.83081","1.161979" 
"ARRCY5012-RECMF-6320+510#","5.253963","0","0.125164","2.380084","0.719287","0.846085","1.183343" 
"ARRCY5012-RECMF-6320+510N#","5.253963","0","0.125164","2.380084","0.719287","0.846085","1.183343" 
"ARRCY5012-RECMF-6325+510#","5.316664","0","0.126658","2.408488","0.727871","0.856182","1.197465" 
"ARRCY5012-RECMF-6325+510N#","5.316664","0","0.126658","2.408488","0.727871","0.856182","1.197465" 
"ARRCY5012-RECMF-6330+510#","5.411519","0","0.128918","2.451458","0.740857","0.871457","1.218829" 
"ARRCY5012-RECMF-6330+510N#","5.411519","0","0.128918","2.451458","0.740857","0.871457","1.218829" 
"ARRCY5012-RECMF-6335+510N#","5.475827","0","0.13045","2.48059","0.749661","0.881813","1.233313" 
"ARRCY5012-RECMF-6340+510#","5.570683","0","0.13271","2.52356","0.762647","0.897089","1.254677" 
"ARRCY5012-RECMF-6340+510N#","5.570683","0","0.13271","2.52356","0.762647","0.897089","1.254677" 
"ARRCY5012-RECMF-6345+510#","5.63338","0","0.134203","2.551963","0.77123","0.907186","1.268798" 
"ARRCY5012-RECMF-6345+510N#","5.63338","0","0.134203","2.551963","0.77123","0.907186","1.268798" 
"ARRCY5012-RECMF-6350+510#","5.728235","0","0.136463","2.594933","0.784216","0.922461","1.290162" 
"ARRCY5012-RECMF-6350+510N#","5.728235","0","0.136463","2.594933","0.784216","0.922461","1.290162" 
"ARRCY5012-RECMF-6355+510N#","5.82309","0","0.138723","2.637903","0.797202","0.937736","1.311526" 
"ARRCY5012-RECMF-6360+510#","5.885789","0","0.140216","2.666306","0.805786","0.947833","1.325648" 
"ARRCY5012-RECMF-6360+510N#","5.885789","0","0.140216","2.666306","0.805786","0.947833","1.325648" 
"ARRCY5012-RECMF-6365+510#","5.980644","0","0.142476","2.709276","0.818772","0.963108","1.347012" 
"ARRCY5012-RECMF-6365+510N#","5.980644","0","0.142476","2.709276","0.818772","0.963108","1.347012" 
"ARRCY5012-RECMF-6370+510#","6.044952","0","0.144008","2.738408","0.827576","0.973464","1.361496" 
"ARRCY5012-RECMF-6370+510N#","6.044952","0","0.144008","2.738408","0.827576","0.973464","1.361496" 
"ARRCY5012-RECMF-6375+510N#","6.139807","0","0.146268","2.781378","0.840562","0.988739","1.38286" 
"ARRCY5012-RECMF-6380+510#","6.202506","0","0.147761","2.809781","0.849146","0.998836","1.396982" 
"ARRCY5012-RECMF-6380+510N#","6.202506","0","0.147761","2.809781","0.849146","0.998836","1.396982" 
"ARRCY5012-RECMF-6385+510#","6.297361","0","0.150021","2.852751","0.862132","1.014111","1.418346" 
"ARRCY5012-RECMF-6385+510N#","6.297361","0","0.150021","2.852751","0.862132","1.014111","1.418346" 
"ARRCY5012-RECMF-6390+510#","6.361669","0","0.151553","2.881883","0.870936","1.024467","1.43283" 
"ARRCY5012-RECMF-6390+510N#","6.361669","0","0.151553","2.881883","0.870936","1.024467","1.43283" 
"ARRCY5012-RECMF-6395+510N#","6.018378","0","0.153411","2.935294","0.883922","0.837738","1.208013" 
"ARRCY5012-RECMF-6400+510#","6.076824","0","0.154901","2.9638","0.892506","0.845873","1.219744" 
"ARRCY5012-RECMF-6400+510N#","6.076824","0","0.154901","2.9638","0.892506","0.845873","1.219744" 
"ARRCY5012-RECMF-6405+510#","6.16524","0","0.157155","3.006923","0.905491","0.85818","1.237491" 
"ARRCY5012-RECMF-6405+510N#","6.16524","0","0.157155","3.006923","0.905491","0.85818","1.237491" 
"ARRCY5012-RECMF-6410+510#","6.225184","0","0.158683","3.036159","0.914295","0.866524","1.249523" 
"ARRCY5012-RECMF-6410+510N#","6.225184","0","0.158683","3.036159","0.914295","0.866524","1.249523" 
"ARRCY5012-RECMF-6415+510N#","6.313602","0","0.160937","3.079282","0.927281","0.878832","1.26727" 
"ARRCY5012-RECMF-6420+510#","6.402019","0","0.16319","3.122405","0.940267","0.891139","1.285018" 
"ARRCY5012-RECMF-6420+510N#","6.402019","0","0.16319","3.122405","0.940267","0.891139","1.285018" 
"ARRCY5012-RECMF-6425+510N#","6.460465","0","0.16468","3.15091","0.948851","0.899275","1.296749" 
"ARRCY5012-RECMF-6430+510#","6.548882","0","0.166934","3.194033","0.961837","0.911582","1.314496" 
"ARRCY5012-RECMF-6430+510N#","6.548882","0","0.166934","3.194033","0.961837","0.911582","1.314496" 
"ARRCY5012-RECMF-6435+510#","6.607327","0","0.168424","3.222538","0.970421","0.919717","1.326227" 
"ARRCY5012-RECMF-6435+510N#","6.607327","0","0.168424","3.222538","0.970421","0.919717","1.326227" 
"ARRCY5012-RECMF-6440+510#","6.697243","0","0.170716","3.266392","0.983627","0.932233","1.344275" 
"ARRCY5012-RECMF-6440+510N#","6.697243","0","0.170716","3.266392","0.983627","0.932233","1.344275" 
"ARRCY5012-RECMF-6445+510#","6.755689","0","0.172206","3.294897","0.992211","0.940369","1.356006" 
"ARRCY5012-RECMF-6445+510N#","6.755689","0","0.172206","3.294897","0.992211","0.940369","1.356006" 
"ARRCY5012-RECMF-6450+510#","6.844106","0","0.174459","3.33802","1.005197","0.952676","1.373754" 
"ARRCY5012-RECMF-6450+510N#","6.844106","0","0.174459","3.33802","1.005197","0.952676","1.373754" 
"ARRCY5012-RECMF-6460+510#","6.990969","0","0.178203","3.409649","1.026766","0.973119","1.403232" 
"ARRCY5012-RECMF-6460+510N#","6.990969","0","0.178203","3.409649","1.026766","0.973119","1.403232" 
"ARRCY5012-RECMF-6465+510N#","7.050914","0","0.179731","3.438885","1.035571","0.981463","1.415264" 
"ARRCY5012-RECMF-6470+510#","7.13933","0","0.181985","3.482008","1.048556","0.99377","1.433011" 
"ARRCY5012-RECMF-6470+510N#","7.13933","0","0.181985","3.482008","1.048556","0.99377","1.433011" 
"ARRCY5012-RECMF-6480+510#","7.286193","0","0.185728","3.553636","1.070126","1.014213","1.46249" 
"ARRCY5012-RECMF-6480+510N#","7.286193","0","0.185728","3.553636","1.070126","1.014213","1.46249" 
"ARRCY5012-RECMF-6485+510#","7.374611","0","0.187982","3.596759","1.083112","1.026521","1.480237" 
"ARRCY5012-RECMF-6485+510N#","7.374611","0","0.187982","3.596759","1.083112","1.026521","1.480237" 
"ARRCY5012-RECMF-6490+510#","7.434555","0","0.18951","3.625995","1.091916","1.034865","1.492269" 
"ARRCY5012-RECMF-6490+510N#","7.434555","0","0.18951","3.625995","1.091916","1.034865","1.492269" 
"ARRCY5012-RECMF-6500+510#","7.225263","0","0.192748","3.706223","1.113486","0.893925","1.318881" 
"ARRCY5012-RECMF-6500+510N#","7.225263","0","0.192748","3.706223","1.113486","0.893925","1.318881" 
"ARRCY5012-RECMF-6505+510N#","7.309529","0","0.194996","3.749447","1.126472","0.904351","1.334263" 
"ARRCY5012-RECMF-6510+510#","7.365228","0","0.196482","3.778018","1.135056","0.911242","1.34443" 
"ARRCY5012-RECMF-6510+510N#","7.365228","0","0.196482","3.778018","1.135056","0.911242","1.34443" 
"ARRCY5012-RECMF-6520+510#","7.50662","0","0.200254","3.850546","1.156846","0.928735","1.370239" 
"ARRCY5012-RECMF-6520+510N#","7.50662","0","0.200254","3.850546","1.156846","0.928735","1.370239" 
"ARRCY5012-RECMF-6530+510#","7.646582","0","0.203987","3.92234","1.178415","0.946052","1.395788" 
"ARRCY5012-RECMF-6530+510N#","7.646582","0","0.203987","3.92234","1.178415","0.946052","1.395788" 
"ARRCY5012-RECMF-6540+510#","7.815109","0","0.208483","4.008787","1.204387","0.966902","1.42655" 
"ARRCY5012-RECMF-6540+510N#","7.815109","0","0.208483","4.008787","1.204387","0.966902","1.42655" 
"ARRCY5012-RECMF-6545+510#","7.872237","0","0.210007","4.038091","1.213191","0.97397","1.436978" 
"ARRCY5012-RECMF-6545+510N#","7.872237","0","0.210007","4.038091","1.213191","0.97397","1.436978" 
"ARRCY5012-RECMF-6550+510#","7.956503","0","0.212255","4.081315","1.226177","0.984396","1.45236" 
"ARRCY5012-RECMF-6550+510N#","7.956503","0","0.212255","4.081315","1.226177","0.984396","1.45236" 
"ARRCY5012-RECMF-8280+510N#","7.46579","0","0.283089","2.915098","1.163108","1.304509","1.799986" 
"ARRCY5012-RECMF-8290+510N#","7.720365","0","0.292742","3.0145","1.202768","1.348991","1.861364" 
"ARRCY5012-RECMF-8300+510N#","7.224835","0","0.302494","3.156988","1.249897","1.037691","1.477765" 
"ARRCY5012-RECMF-8310+510#","7.45539","0","0.312147","3.257732","1.289783","1.070805","1.524923" 
"ARRCY5012-RECMF-8310+510N#","7.45539","0","0.312147","3.257732","1.289783","1.070805","1.524923" 
"ARRCY5012-RECMF-8320+510#","7.732996","0","0.32377","3.379036","1.337809","1.110677","1.581704" 
"ARRCY5012-RECMF-8320+510N#","7.732996","0","0.32377","3.379036","1.337809","1.110677","1.581704" 
"ARRCY5012-RECMF-8330+510N#","7.965903","0","0.333521","3.480808","1.378102","1.144129","1.629343" 
"ARRCY5012-RECMF-8340+510#","8.196459","0","0.343174","3.581552","1.417988","1.177244","1.676501" 
"ARRCY5012-RECMF-8340+510N#","8.196459","0","0.343174","3.581552","1.417988","1.177244","1.676501" 
"ARRCY5012-RECMF-8350+510N#","8.429367","0","0.352926","3.683324","1.458281","1.210696","1.72414" 
"ARRCY5012-RECMF-8360+510#","8.659921","0","0.362579","3.784068","1.498167","1.24381","1.771297" 
"ARRCY5012-RECMF-8360+510N#","8.659921","0","0.362579","3.784068","1.498167","1.24381","1.771297" 
"ARRCY5012-RECMF-8370+510#","8.892828","0","0.37233","3.88584","1.53846","1.277262","1.818936" 
"ARRCY5012-RECMF-8370+510N#","8.892828","0","0.37233","3.88584","1.53846","1.277262","1.818936" 
"ARRCY5012-RECMF-8375+510N#","9.031632","0","0.378142","3.946492","1.562473","1.297198","1.847327" 
"ARRCY5012-RECMF-8380+510#","9.123383","0","0.381983","3.986584","1.578346","1.310376","1.866094" 
"ARRCY5012-RECMF-8380+510N#","9.123383","0","0.381983","3.986584","1.578346","1.310376","1.866094" 
"ARRCY5012-RECMF-8385+510N#","9.262186","0","0.387795","4.047236","1.602359","1.330312","1.894484" 
"ARRCY5012-RECMF-8390+510#","9.353937","0","0.391636","4.087328","1.618232","1.34349","1.913251" 
"ARRCY5012-RECMF-8390+510N#","9.353937","0","0.391636","4.087328","1.618232","1.34349","1.913251" 
"ARRCY5012-RECMF-8395+510#","8.942771","0","0.397448","4.178646","1.647087","1.103169","1.616421" 
"ARRCY5012-RECMF-8395+510N#","8.942771","0","0.397448","4.178646","1.647087","1.103169","1.616421" 
"ARRCY5012-RECMF-8400+510#","9.031423","0","0.401388","4.22007","1.663415","1.114105","1.632445" 
"ARRCY5012-RECMF-8400+510N#","9.031423","0","0.401388","4.22007","1.663415","1.114105","1.632445" 
"ARRCY5012-RECMF-8405+510N#","9.162184","0","0.407199","4.28117","1.687499","1.130236","1.65608" 
"ARRCY5012-RECMF-8410+510#","9.248621","0","0.411041","4.321559","1.703419","1.140898","1.671704" 
"ARRCY5012-RECMF-8410+510N#","9.248621","0","0.411041","4.321559","1.703419","1.140898","1.671704" 
"ARRCY5012-RECMF-8415+510#","9.379381","0","0.416852","4.382659","1.727502","1.157029","1.695339" 
"ARRCY5012-RECMF-8415+510N#","9.379381","0","0.416852","4.382659","1.727502","1.157029","1.695339" 
"ARRCY5012-RECMF-8420+510#","9.468033","0","0.420792","4.424083","1.74383","1.167965","1.711363" 
"ARRCY5012-RECMF-8420+510N#","9.468033","0","0.420792","4.424083","1.74383","1.167965","1.711363" 
"ARRCY5012-RECMF-8425+510#","9.598796","0","0.426604","4.485184","1.767914","1.184095","1.734999" 
"ARRCY5012-RECMF-8425+510N#","9.598796","0","0.426604","4.485184","1.767914","1.184095","1.734999" 
"ARRCY5012-RECMF-8430+510#","9.685231","0","0.430445","4.525572","1.783834","1.194758","1.750622" 
"ARRCY5012-RECMF-8430+510N#","9.685231","0","0.430445","4.525572","1.783834","1.194758","1.750622" 
"ARRCY5012-RECMF-8435+510N#","9.815993","0","0.436257","4.586672","1.807918","1.210889","1.774257" 
"ARRCY5012-RECMF-8440+510#","9.946755","0","0.442068","4.647773","1.832002","1.227019","1.797893" 
"ARRCY5012-RECMF-8440+510N#","9.946755","0","0.442068","4.647773","1.832002","1.227019","1.797893" 
"ARRCY5012-RECMF-8445+510N#","10.035407","0","0.446008","4.689197","1.84833","1.237955","1.813917" 
"ARRCY5012-RECMF-8450+510#","10.166168","0","0.45182","4.750297","1.872413","1.254086","1.837552" 
"ARRCY5012-RECMF-8450+510N#","10.166168","0","0.45182","4.750297","1.872413","1.254086","1.837552" 
"ARRCY5012-RECMF-8455+510#","10.252604","0","0.455661","4.790686","1.888333","1.264748","1.853176" 
"ARRCY5012-RECMF-8455+510N#","10.252604","0","0.455661","4.790686","1.888333","1.264748","1.853176" 
"ARRCY5012-RECMF-8460+510#","10.383366","0","0.461473","4.851786","1.912417","1.280879","1.876811" 
"ARRCY5012-RECMF-8460+510N#","10.383366","0","0.461473","4.851786","1.912417","1.280879","1.876811" 
"ARRCY5012-RECMF-8465+510N#","10.469801","0","0.465314","4.892174","1.928337","1.291542","1.892434" 
"ARRCY5012-RECMF-8470+510#","10.600564","0","0.471126","4.953275","1.952421","1.307672","1.91607" 
"ARRCY5012-RECMF-8470+510N#","10.600564","0","0.471126","4.953275","1.952421","1.307672","1.91607" 
"ARRCY5012-RECMF-8475+510N#","10.689216","0","0.475066","4.994699","1.968749","1.318608","1.932094" 
"ARRCY5012-RECMF-8480+510#","10.819976","0","0.480877","5.055799","1.992832","1.334739","1.955729" 
"ARRCY5012-RECMF-8480+510N#","10.819976","0","0.480877","5.055799","1.992832","1.334739","1.955729" 
"ARRCY5012-RECMF-8490+510#","11.037174","0","0.49053","5.157288","2.032836","1.361532","1.994988" 
"ARRCY5012-RECMF-8490+510N#","11.037174","0","0.49053","5.157288","2.032836","1.361532","1.994988" 
"ARRCY5012-RECMF-8500+510#","10.82335","0","0.500282","5.2847","2.077311","1.18036","1.780697" 
"ARRCY5012-RECMF-8500+510N#","10.82335","0","0.500282","5.2847","2.077311","1.18036","1.780697" 
"ARRCY5012-RECMF-8510+510N#","11.032187","0","0.509934","5.386669","2.117393","1.203135","1.815056" 
"ARRCY5012-RECMF-8520+510N#","11.243156","0","0.519686","5.489678","2.157884","1.226142","1.849766" 
"ARRCY5012-RECMF-8530+510#","11.451994","0","0.529339","5.591647","2.197966","1.248918","1.884124" 
"ARRCY5012-RECMF-8530+510N#","11.451994","0","0.529339","5.591647","2.197966","1.248918","1.884124" 
"ARRCY5012-RECMF-8535+510N#","11.577724","0","0.535151","5.653037","2.222097","1.262629","1.90481" 
"ARRCY5012-RECMF-8540+510N#","11.660832","0","0.538992","5.693616","2.238048","1.271693","1.918483" 
"ARRCY5012-RECMF-8550+510#","11.871802","0","0.548744","5.796626","2.278539","1.2947","1.953193" 
"ARRCY5012-RECMF-8550+510N#","11.871802","0","0.548744","5.796626","2.278539","1.2947","1.953193" 
"ARRCY5012-RECMF-9310+510N#","11.645461","0","0.626397","5.516271","1.725158","1.559253","2.218382" 
"ARRCY5012-RECMF-9320+510N#","12.001102","0","0.645526","5.684733","1.777843","1.606871","2.286129" 
"ARRCY5012-RECMF-9330+510N#","12.360374","0","0.664851","5.854914","1.831066","1.654975","2.354568" 
"ARRCY5012-RECMF-9375+510N#","14.000682","0","0.753082","6.631902","2.074061","1.874602","2.667035" 
"ARRCY5012-RECMF-9380+510N#","14.214792","0","0.764598","6.733323","2.105779","1.90327","2.707822" 
"ARRCY5012-RECMF-9390+510N#","13.827088","0","0.783923","6.962539","2.165026","1.58873","2.32687" 
"ARRCY5012-RECMF-9400+510N#","14.164502","0","0.803053","7.132442","2.217857","1.627498","2.383652" 
"ARRCY5012-RECMF-9410+510N#","14.505359","0","0.822378","7.304078","2.271228","1.666663","2.441012" 
"ARRCY5012-RECMF-9420+510N#","14.842773","0","0.841507","7.473981","2.32406","1.705432","2.497793" 
"ARRCY5012-RECMF-9430+510N#","15.180187","0","0.860637","7.643883","2.376892","1.7442","2.554575" 
"ARRCY5012-RECMF-9440+510N#","15.521045","0","0.879962","7.81552","2.430263","1.783365","2.611935" 
"ARRCY5012-RECMF-9445+510N#","15.724181","0","0.891478","7.917808","2.46207","1.806705","2.64612" 
"ARRCY5012-RECMF-9450+510N#","15.858458","0","0.899091","7.985422","2.483095","1.822134","2.668716" 
"ARRCY5012-RECMF-9460+510N#","16.199316","0","0.918416","8.157059","2.536466","1.861298","2.726077" 
"ARRCY5012-RECMF-9470+510N#","16.536729","0","0.937546","8.326961","2.589297","1.900067","2.782858" 
"ARRCY5012-RECMF-9480+510N#","16.877585","0","0.95687","8.498597","2.642668","1.939231","2.840219" 
"ARRCY5012-RECMF-9490+510N#","16.688488","0","0.979904","8.749358","2.711302","1.698768","2.549156" 
"ARRCY5012-RECMF-9500+510N#","17.014279","0","0.999034","8.920162","2.764232","1.731931","2.59892" 
"ARRCY5012-RECMF-9510+510N#","17.343395","0","1.018358","9.092709","2.817702","1.765433","2.649193" 
"ARRCY5012-RECMF-9520+510N#","17.669187","0","1.037488","9.263514","2.870632","1.798596","2.698957" 
"ARRCY5012-RECMF-9530+510N#","17.994977","0","1.056618","9.434318","2.923561","1.831759","2.748721" 
"ARRCY5012-RECMF-9540+510N#","18.324093","0","1.075942","9.606865","2.977031","1.865261","2.798994" 
"ARRCY5012-RECMF-9550+510N#","18.649884","0","1.095072","9.777669","3.029961","1.898424","2.848758" 
"ARRCY5300-1876100760+175N#","11.713957","0","1.49096","5.332853","1.535832","1.372534","1.981778" 
"ARRCY5300-1876100770+175N#","11.065714","0","1.408451","5.037736","1.45084","1.296579","1.872108" 
"ARRCY5300-5876100610+175N#","10.217428","0","1.300481","4.651548","1.33962","1.197185","1.728594" 
"ARRCY5300-5876100630+175N#","10.217428","0","1.300481","4.651548","1.33962","1.197185","1.728594" 
"ARRCY5300-RECMF-8260+N#","7.850838","0","0.852625","3.03545","0.883945","1.300487","1.778331" 
"ARRCY5300-RECMF-8280+N#","8.42858","0","0.915369","3.258829","0.948995","1.396189","1.909198" 
"ARRCY5300-RECMF-8290+N#","8.715985","0","0.946582","3.369951","0.981354","1.443798","1.9743" 
"ARRCY5300-RECMF-8295+N#","8.107319","0","0.972951","3.473526","1.00417","1.103284","1.553388" 
"ARRCY5300-RECMF-8305+N#","8.372124","0","1.00473","3.58698","1.036969","1.13932","1.604125" 
"ARRCY5300-RECMF-8310+N#","8.476442","0","1.017249","3.631674","1.04989","1.153516","1.624113" 
"ARRCY5300-RECMF-8320+N#","8.792068","0","1.055127","3.766902","1.088983","1.196468","1.684588" 
"ARRCY5300-RECMF-8325+N#","8.89906","0","1.067967","3.812742","1.102235","1.211028","1.705088" 
"ARRCY5300-RECMF-8330+N#","9.056873","0","1.086906","3.880356","1.121782","1.232504","1.735325" 
"ARRCY5300-RECMF-8335+N#","9.161191","0","1.099425","3.92505","1.134703","1.2467","1.755313" 
"ARRCY5300-RECMF-8340+N#","9.319003","0","1.118364","3.992664","1.154249","1.268176","1.78555" 
"ARRCY5300-RECMF-8345+N#","9.425995","0","1.131204","4.038504","1.167501","1.282736","1.80605" 
"ARRCY5300-RECMF-8350+N#","9.583809","0","1.150143","4.106118","1.187048","1.304212","1.836288" 
"ARRCY5300-RECMF-8355+N#","9.688126","0","1.162662","4.150812","1.199969","1.318408","1.856275" 
"ARRCY5300-RECMF-8360+N#","9.845939","0","1.181601","4.218426","1.219515","1.339884","1.886513" 
"ARRCY5300-RECMF-8365+N#","9.950256","0","1.19412","4.26312","1.232436","1.35408","1.9065" 
"ARRCY5300-RECMF-8370+N#","10.110744","0","1.21338","4.33188","1.252314","1.37592","1.93725" 
"ARRCY5300-RECMF-8375+N#","10.268558","0","1.232319","4.399494","1.271861","1.397396","1.967488" 
"ARRCY5300-RECMF-8380+N#","10.372874","0","1.244838","4.444188","1.284781","1.411592","1.987475" 
"ARRCY5300-RECMF-8380+N/Z#","10.372874","0","1.244838","4.444188","1.284781","1.411592","1.987475" 
"ARRCY5300-RECMF-8385+N#","10.530688","0","1.263777","4.511802","1.304328","1.433068","2.017713" 
"ARRCY5300-RECMF-8390+N#","10.635005","0","1.276296","4.556496","1.317249","1.447264","2.0377" 
"ARRCY5300-RECMF-8395+N#","10.217428","0","1.300481","4.651548","1.33962","1.197185","1.728594" 
"ARRCY5300-RECMF-8395+N/Z#","10.217428","0","1.300481","4.651548","1.33962","1.197185","1.728594" 
"ARRCY5300-RECMF-8400+N#","10.318716","0","1.313373","4.69766","1.3529","1.209053","1.74573" 
"ARRCY5300-RECMF-8405+N#","10.468115","0","1.332388","4.765675","1.372488","1.226558","1.771006" 
"ARRCY5300-RECMF-8410+N#","10.56687","0","1.344958","4.810634","1.385436","1.238129","1.787713" 
"ARRCY5300-RECMF-8415+N#","10.716271","0","1.363974","4.87865","1.405024","1.255634","1.812989" 
"ARRCY5300-RECMF-8420+N#","10.817559","0","1.376866","4.924762","1.418304","1.267502","1.830125" 
"ARRCY5300-RECMF-8420+N/Z#","10.817559","0","1.376866","4.924762","1.418304","1.267502","1.830125" 
"ARRCY5300-RECMF-8425+N#","10.966958","0","1.395881","4.992777","1.437892","1.285008","1.8554" 
"ARRCY5300-RECMF-8430+N#","11.065714","0","1.408451","5.037736","1.45084","1.296579","1.872108" 
"ARRCY5300-RECMF-8435+N#","11.215114","0","1.427467","5.105751","1.470428","1.314084","1.897384" 
"ARRCY5300-RECMF-8440+N#","11.364513","0","1.446482","5.173766","1.490016","1.33159","1.922659" 
"ARRCY5300-RECMF-8445+N#","11.465801","0","1.459374","5.219878","1.503296","1.343458","1.939795" 
"ARRCY5300-RECMF-8450+N#","11.615202","0","1.47839","5.287894","1.522884","1.360963","1.965071" 
"ARRCY5300-RECMF-8455+N#","11.713957","0","1.49096","5.332853","1.535832","1.372534","1.981778" 
"ARRCY5300-RECMF-8460+N#","11.863358","0","1.509976","5.400868","1.55542","1.39004","2.007054" 
"ARRCY5300-RECMF-8465+N#","11.962113","0","1.522545","5.445827","1.568368","1.401611","2.023762" 
"ARRCY5300-RECMF-8470+N#","12.111512","0","1.541561","5.513842","1.587956","1.419116","2.049037" 
"ARRCY5300-RECMF-8475+N#","12.2128","0","1.554453","5.559954","1.601236","1.430984","2.066173" 
"ARRCY5300-RECMF-8480+N#","12.362201","0","1.573469","5.62797","1.620824","1.448489","2.091449" 
"ARRCY5300-RECMF-8485+N#","12.460956","0","1.586038","5.672929","1.633772","1.460061","2.108156" 
"ARRCY5300-RECMF-8490+N#","12.610356","0","1.605054","5.740944","1.65336","1.477566","2.133432" 
"ARRCY5300-RECMF-8495+N#","12.257836","0","1.622966","5.809144","1.668648","1.27257","1.884508" 
"ARRCY5300-RECMF-8500+N#","12.401904","0","1.642041","5.877419","1.68826","1.287527","1.906657" 
"ARRCY5300-RECMF-8510+N#","12.641199","0","1.673724","5.990824","1.720835","1.31237","1.943446" 
"ARRCY5300-RECMF-8520+N#","12.882936","0","1.705731","6.105387","1.753742","1.337466","1.98061" 
"ARRCY5300-RECMF-8530+N#","13.122234","0","1.737414","6.218793","1.786318","1.362309","2.0174" 
"ARRCY5300-RECMF-8535+N#","13.2663","0","1.756489","6.287068","1.805929","1.377266","2.039548" 
"ARRCY5300-RECMF-8540+N#","13.36153","0","1.769098","6.332198","1.818893","1.387152","2.054189" 
"ARRCY5300-RECMF-9310+N#","13.204074","0","1.761099","5.829149","1.756607","1.606105","2.251114" 
"ARRCY5300-RECMF-9320+N#","13.607315","0","1.814882","6.007166","1.810252","1.655154","2.319861" 
"ARRCY5300-RECMF-9330+N#","14.014668","0","1.869213","6.186999","1.864444","1.704703","2.389309" 
"ARRCY5300-RECMF-9340+N#","14.417909","0","1.922995","6.365016","1.91809","1.753752","2.458056" 
"ARRCY5300-RECMF-9375+N#","15.874512","0","2.11727","7.008057","2.111869","1.930929","2.706387" 
"ARRCY5300-RECMF-9380+N#","16.117282","0","2.14965","7.115231","2.144166","1.960459","2.747776" 
"ARRCY5300-RECMF-9390+N#","15.796534","0","2.215627","7.356509","2.206792","1.648568","2.369038" 
"ARRCY5300-RECMF-9400+N#","16.182008","0","2.269694","7.536025","2.260643","1.688797","2.426849" 
"ARRCY5300-RECMF-9410+N#","16.571415","0","2.324312","7.717373","2.315044","1.729437","2.485249" 
"ARRCY5300-RECMF-9420+N#","16.956889","0","2.378379","7.89689","2.368895","1.769666","2.543059" 
"ARRCY5300-RECMF-9425+N#","17.188958","0","2.410929","8.004966","2.401315","1.793885","2.577863" 
"ARRCY5300-RECMF-9430+N#","17.342361","0","2.432445","8.076406","2.422746","1.809895","2.600869" 
"ARRCY5300-RECMF-9435+N#","17.578365","0","2.465547","8.186314","2.455716","1.834525","2.636263" 
"ARRCY5300-RECMF-9440+N#","17.731767","0","2.487064","8.257754","2.477146","1.850534","2.659269" 
"ARRCY5300-RECMF-9445+N#","17.963839","0","2.519614","8.365831","2.509567","1.874754","2.694073" 
"ARRCY5300-RECMF-9450+N#","18.11724","0","2.54113","8.437271","2.530997","1.890763","2.717079" 
"ARRCY5300-RECMF-9455+N#","18.349313","0","2.573681","8.545347","2.563418","1.914983","2.751884" 
"ARRCY5300-RECMF-9460+N#","18.506649","0","2.595749","8.618619","2.585398","1.931403","2.77548" 
"ARRCY5300-RECMF-9475+N#","19.124191","0","2.682365","8.906212","2.671669","1.995851","2.868094" 
"ARRCY5300-RECMF-9515+N#","20.06478","0","2.909196","9.67945","2.894479","1.85747","2.724185" 
"ARRCY5300-RECMF-9560+N#","21.794108","0","3.159932","10.513694","3.143946","2.017561","2.958975" 
"ARRDY7703-24.4X14.7X29X1023+N#","33.36537","0","1.936974","17.442747","6.13791","2.508581","5.339158" 
"ARRDY7707-31.6X13.8X26X1028+N#","42.974409","0","2.186241","22.690773","7.94908","3.238755","6.90956" 
"ARRDY7708-30.0X14.8X26X1165+N#","44.732505","0","2.82396","22.063935","8.573235","3.715185","7.55619" 
"ARRDY7708-30.0X14.8X26X989+N#","37.974633","0","2.397336","18.730671","7.278051","3.153921","6.414654" 
"ARRDY7708-32.0X14.8X26X1034+N+SMB#","42.34933","0","2.67351","20.888454","8.116486","3.517254","7.153626" 
"ARRDY7708-36.7X14.8X26X939+N#","44.106633","0","2.784449","21.755229","8.453283","3.663204","7.450468" 
"ARRDY7708-36.7X14.8X26X939+N+SMB#","44.106633","0","2.784449","21.755229","8.453283","3.663204","7.450468" 
"ARRDY7712-33.2X14.9X26X944+N#","42.025147","0","2.519816","20.87624","7.69735","3.591679","7.340062" 
"ARRDY7731-30.7X13.6X28X874+N#","33.971995","0","2.041915","16.101883","6.56579","2.935421","6.326986" 
"ARRGY5704-16.5X8.0X30X751+236N#","7.595057","0","1.074386","2.785722","0.926922","1.271419","1.536608" 
"ARRGY5704-16.6X792+N#","8.057797","0","1.139845","2.955446","0.983396","1.348882","1.630228" 
"ARRGY5704-16.6X797+N#","8.108667","0","1.147041","2.974104","0.989604","1.357398","1.64052" 
"ARRGY5704-16.6X8.0X30X792+236N#","8.057797","0","1.139845","2.955446","0.983396","1.348882","1.630228" 
"ARRGY5704-16.6X8.0X30X797+236N#","8.108667","0","1.147041","2.974104","0.989604","1.357398","1.64052" 
"ARRGY5704-16.6X8.5X32X648+236N#","7.116831","0","0.913269","2.579529","0.805699","1.291916","1.526418" 
"ARRGY5704-16.6X8X30X797+N#","8.108667","0","1.147041","2.974104","0.989604","1.357398","1.64052" 
"ARRGY5704-17.0X8.0X30X761+N#","7.929088","0","1.121638","2.908238","0.967688","1.327336","1.604188" 
"ARRGY5704-17.0X8.5X30X847+N#","9.526378","0","1.222475","3.45288","1.078485","1.72932","2.043218" 
"ARRGY5704-17.0X8.5X30X914+N#","10.27994","0","1.319176","3.726012","1.163796","1.866114","2.204842" 
"ARRGY5704-17.1X705+N#","8.022062","0","1.247796","3.010383","1.006676","1.24659","1.510617" 
"ARRGY5704-17.1X9.0X30X705+236N#","8.022062","0","1.247796","3.010383","1.006676","1.24659","1.510617" 
"ARRGY5704-17.2X7.5X30X716+236N#","7.955491","0","1.277066","2.544279","0.918699","1.479032","1.736415" 
"ARRGY5704-17.5X8.0X30X720+236N#","7.72254","0","1.09242","2.83248","0.94248","1.29276","1.5624" 
"ARRGY5704-17.7X681+N#","7.974265","0","1.0233","2.890309","0.90277","1.447565","1.710321" 
"ARRGY5704-17.7X747+N#","8.103764","0","1.146347","2.972306","0.989006","1.356577","1.639528" 
"ARRGY5704-17.7X774+N#","9.06392","0","1.16313","3.28526","1.02613","1.64537","1.94403" 
"ARRGY5704-17.7X8.0X30X749+236N#","8.125216","0","1.149382","2.980174","0.991624","1.360168","1.643868" 
"ARRGY5704-17.7X8.5X30X681+236N#","7.974927","0","1.023385","2.890549","0.902845","1.447685","1.710463" 
"ARRGY5704-17.7X8.5X30X733+N#","8.583599","0","1.101493","3.111165","0.971753","1.558177","1.841011" 
"ARRGY5704-17.7X8.5X30X738+236N#","8.642481","0","1.109049","3.132507","0.978419","1.568866","1.85364" 
"ARRGY5704-17.7X8.5X30X774+236N#","9.06392","0","1.16313","3.28526","1.02613","1.64537","1.94403" 
"ARRGY5704-17.7X8.5X32X681+N#","7.974927","0","1.023385","2.890549","0.902845","1.447685","1.710463" 
"ARRGY5704-17.7X8X30X749+N#","8.125216","0","1.149382","2.980174","0.991624","1.360168","1.643868" 
"ARRGY5704-18.0X8.0X30X738+236N#","8.141763","0","1.151723","2.986243","0.993643","1.362938","1.647216" 
"ARRGY5704-18.0X8.0X30X738+N#","8.141763","0","1.151723","2.986243","0.993643","1.362938","1.647216" 
"ARRGY5704-18.0X8.0X30X797+236N#","8.792664","0","1.243798","3.224981","1.073081","1.4719","1.778904" 
"ARRGY5704-18.0X8.0X30X797+N#","8.792664","0","1.243798","3.224981","1.073081","1.4719","1.778904" 
"ARRGY5704-18.0X8.0X30X810+236N#","8.936082","0","1.264086","3.277584","1.090584","1.495908","1.80792" 
"ARRGY5704-18.0X8.5X28X725+236N#","8.63388","0","1.107945","3.12939","0.977445","1.567305","1.851795" 
"ARRGY5704-18.0X8.5X28X725+N#","8.63388","0","1.107945","3.12939","0.977445","1.567305","1.851795" 
"ARRGY5704-18.0X8.5X28X761+N#","9.062596","0","1.16296","3.28478","1.02598","1.64513","1.943746" 
"ARRGY5704-18.1X9.5X30X691+236N#","8.709875","0","1.290722","3.35938","1.044335","1.373269","1.642169" 
"ARRGY5704-18.2X9.0X30X842+236N#","10.19659","0","1.586034","3.826403","1.279554","1.584502","1.920097" 
"ARRGY5704-18.5X733-2C+N#","8.971958","0","1.151329","3.251928","1.015719","1.628676","1.924306" 
"ARRGY5704-18.5X8.5X30X725+236N#","8.874041","0","1.138764","3.216437","1.004634","1.610901","1.903305" 
"ARRGY5704-18.5X8.5X30X733+236N#","8.971958","0","1.151329","3.251928","1.015719","1.628676","1.924306" 
"ARRGY5704-18.5X8.5X30X733+N#","8.971958","0","1.151329","3.251928","1.015719","1.628676","1.924306" 
"ARRGY5704-18.7X813+N#","10.116077","0","1.573511","3.796189","1.269451","1.57199","1.904936" 
"ARRGY5704-18.7X9.0X30X813+236N#","10.116077","0","1.573511","3.796189","1.269451","1.57199","1.904936" 
"ARRGY5704-18.8X7.5X30X669+236N#","8.124742","0","1.304235","2.598408","0.938244","1.510498","1.773357" 
"ARRGY5704-18.9X8.5X30X769+236N#","9.615695","0","1.233937","3.485253","1.088597","1.745533","2.062375" 
"ARRGY5704-18.9X8.5X30X769+N#","9.615695","0","1.233937","3.485253","1.088597","1.745533","2.062375" 
"ARRGY5704-19.2X8.5X30X770+236N#","9.781095","0","1.255162","3.545203","1.107322","1.775558","2.09785" 
"ARRGY5704-19.2X8.5X30X770+N#","9.781095","0","1.255162","3.545203","1.107322","1.775558","2.09785" 
"ARRGY5704-19.6X8.5X30X774+236N#","10.036472","0","1.287933","3.637766","1.136233","1.821917","2.152623" 
"ARRGY5704-19.8X766+N#","10.562299","0","1.565234","4.073856","1.266445","1.665337","1.991427" 
"ARRGY5704-19.8X9.5X32X766+236N#","10.562299","0","1.565234","4.073856","1.266445","1.665337","1.991427" 
"ARRGY5704-19.9X9.5X30X732+236N#","10.144459","0","1.503314","3.912696","1.216345","1.599457","1.912647" 
"ARRGY5704-19.9X9.5X30X732+N#","10.144459","0","1.503314","3.912696","1.216345","1.599457","1.912647" 
"ARRGY5704-19.9X9.5X30X742+236N#","10.283043","0","1.523851","3.966148","1.232961","1.621307","1.938776" 
"ARRGY5704-20.0X8.0X30X797+236N#","9.769626","0","1.381998","3.583312","1.192312","1.635444","1.97656" 
"ARRGY5704-20.0X8.5X30X737+236N#","9.751984","0","1.251426","3.534652","1.104026","1.770274","2.091606" 
"ARRGY5704-20.0X9.5X30X761+236N#","10.599208","0","1.570704","4.088092","1.27087","1.671156","1.998386" 
"ARRGY5704-20.0X9.5X30X801+236N#","11.156328","0","1.653264","4.302972","1.33767","1.758996","2.103426" 
"ARRGY5704-20.0X9.5X30X816+236N#","11.365248","0","1.684224","4.383552","1.36272","1.791936","2.142816" 
"ARRGY5704-20.1X759+N#","10.624279","0","1.574419","4.097762","1.273876","1.675109","2.003113" 
"ARRGY5704-20.1X8.5X30X774+236N#","10.292511","0","1.320789","3.730569","1.165219","1.868396","2.207538" 
"ARRGY5704-20.1X845+N#","11.828355","0","1.752852","4.562171","1.418248","1.864953","2.230131" 
"ARRGY5704-20.1X9.0X30X784+236N#","10.485373","0","1.630953","3.934773","1.315793","1.629377","1.974477" 
"ARRGY5704-20.1X9.5X30X759+236N#","10.624279","0","1.574419","4.097762","1.273876","1.675109","2.003113" 
"ARRGY5704-20.1X9.5X30X845+236N#","11.828355","0","1.752852","4.562171","1.418248","1.864953","2.230131" 
"ARRGY5704-20.1X9.5X32X759+N#","10.624279","0","1.574419","4.097762","1.273876","1.675109","2.003113" 
"ARRGY5704-20.1X9.5X32X845+N#","11.828355","0","1.752852","4.562171","1.418248","1.864953","2.230131" 
"ARRGY5704-20X761+N#","10.599208","0","1.570704","4.088092","1.27087","1.671156","1.998386" 
"ARRGY5704-21.6X774+N#","11.060628","0","1.419358","4.008976","1.252178","2.007832","2.372284" 
"ARRGY5704-21.6X8.5X30X774+236N#","11.060628","0","1.419358","4.008976","1.252178","2.007832","2.372284" 
"ARRGY5704-21.9X784+N#","11.424918","0","1.777095","4.287349","1.433695","1.775378","2.151401" 
"ARRGY5704-21.9X8.5X30X747+236N#","10.823114","0","1.388879","3.922888","1.225289","1.964716","2.321342" 
"ARRGY5704-21.9X9.0X30X784+236N#","11.424918","0","1.777095","4.287349","1.433695","1.775378","2.151401" 
"ARRGY5704-22.0X9.5X28X796+236N#","12.195357","0","1.807238","4.703723","1.462252","1.922818","2.299326" 
"ARRGY5704-22.0X9.5X28X832+236N#","12.746905","0","1.888973","4.916454","1.528384","2.009779","2.403315" 
"ARRGY5704-22.5X9.5X30X847+236N#","13.271991","0","1.966786","5.118979","1.591343","2.092568","2.502315" 
"ARRGY5704-22.5X9.5X30X922+236N#","14.446819","0","2.140884","5.572107","1.732208","2.277801","2.723819" 
"ARRGY5704-23100-GY6-9010-M2+N#","10.624279","0","1.574419","4.097762","1.273876","1.675109","2.003113" 
"ARRGY5704-27601H21D30+132N#","10.624279","0","1.574419","4.097762","1.273876","1.675109","2.003113" 
"ARRGY5704-LPG+297N#","7.974927","0","1.023385","2.890549","0.902845","1.447685","1.710463" 
"ARRGY5709-16.6X797+N#","8.878653","0","1.143072","3.712338","0.989604","1.373274","1.660365" 
"ARRGY5709-17.7X681+N#","8.729988","0","1.037763","3.772589","0.900359","1.372837","1.64644" 
"ARRGY5709-17.7X8.5X30X738+N#","9.461531","0","1.124724","4.088719","0.975806","1.487876","1.784406" 
"ARRGY5709-18.0X8.0X28X719+N#","8.685377","0","1.118189","3.631525","0.968062","1.34338","1.624221" 
"ARRGY5709-18.3X8.5X30X775+N#","10.272747","0","1.221156","4.439279","1.05947","1.615444","1.937398" 
"ARRGY5709-18.5X8.5X30X733+N#","9.822233","0","1.167602","4.244593","1.013007","1.544598","1.852433" 
"ARRGY5709-18.6X8.5X32X733+N#","9.834204","0","1.172524","4.208816","0.991192","1.572","1.889672" 
"ARRGY5709-18.7X813+N#","10.888389","0","1.57047","4.542656","1.269451","1.587193","1.918619" 
"ARRGY5709-18X8.5X28X725+N#","9.452115","0","1.123605","4.08465","0.974835","1.486395","1.78263" 
"ARRGY5709-20.1X845-2Q+257N#","12.572299","0","1.752852","5.535412","1.418248","1.737566","2.128221" 
"ARRGY5709-20.1X9.5X30X759+N#","11.292491","0","1.574419","4.97193","1.273876","1.560689","1.911577" 
"ARRGY5709-20.1X9.5X30X828+N#","12.31915","0","1.717558","5.423954","1.389691","1.702579","2.085368" 
"ARRGY5709-20.1X9.5X30X845+N#","12.572299","0","1.752852","5.535412","1.418248","1.737566","2.128221" 
"ARRGY5709-21.4X8.5X30X755+N#","11.702515","0","1.391118","5.057141","1.206928","1.840282","2.207046" 
"ARRGY5709-22.5X10.5X30X922+N#","16.253708","0","2.132586","7.887249","1.725984","2.01434","2.493549" 
"ARRGY5709-22.5X10X30X847+N#","14.638449","0","1.959162","6.716039","1.587531","1.966786","2.408931" 
"ARRGY5709-22X832+N#","13.548621","0","1.888973","5.965274","1.528384","1.872499","2.293491" 
"ARRGY5709-23100-KEC4-9000-M2+N#","11.858004","0","1.653264","5.220918","1.33767","1.638846","2.007306" 
"ARRGY5709-27601-20E60+N#","10.276992","0","1.274632","4.451764","1.08133","1.574032","1.895234" 
"ARRGY5709-27601H21D60+132N#","11.292491","0","1.574419","4.97193","1.273876","1.560689","1.911577" 
"ARRGY5709-EG132-18.0X719-30+N#","8.685377","0","1.118189","3.631525","0.968062","1.34338","1.624221" 
"ARRGY5709-EI082-21.4X759-30+N#","12.02307","0","1.676278","5.293594","1.356291","1.661659","2.035248" 
"ARRGY5711-480852+332N#","10.364627","0","1.318995","4.144315","1.140877","1.712083","2.048357" 
"ARRGY5711-830488+332N#","9.103725","0","1.158533","3.640141","1.002084","1.503801","1.799166" 
"ARRGY5711-842907+332N#","9.528299","0","1.212564","3.809908","1.048819","1.573934","1.883074" 
"ARRGY5712-18.0X8.5X30X747+N#","9.507666","0","1.179214","4.11851","1.000382","1.456202","1.753358" 
"ARRGY5712-23100-KEB7-9000+N#","9.236847","0","1.145625","4.001197","0.971887","1.414723","1.703415" 
"ARRGY5713-17.7X8.5X30X733+N#","10.303951","0","1.146902","5.057265","0.966563","1.423248","1.709973" 
"ARRGY5713-23100-KEC4-9000-2U+N#","11.839933","0","1.317867","5.811138","1.110646","1.635408","1.964874" 
"ARRGY5713-27601-20E01+N#","11.542903","0","1.284806","5.665353","1.082783","1.59438","1.915581" 
"ARRGY5722-19.5X9.3X32X732+N#","11.593342","0","1.241838","5.920855","1.053421","1.534455","1.842773" 
"ARRGY5722-22X9.3X28X796+N#","14.223247","0","1.523544","7.263978","1.292386","1.88254","2.260799" 
"ARRGY5722-23100-KEC4-C0E+N#","12.849004","0","1.37634","6.562136","1.167516","1.70065","2.042362" 
"ARRGY5723-18.6X8.3X30X735+N#","10.750874","0","1.172972","5.076042","1.014388","1.591304","1.896168" 
"ARRGY5723-1CC-E7641-10+137N#","10.26252","0","1.11969","4.845465","0.96831","1.51902","1.810035" 
"ARRGY5724-4KL-E7641-00+137N#","11.530404","0","1.434404","4.839861","1.237132","1.822262","2.196745" 
"ARRGY5729-18.1X8.2X30X770+N#","10.509892","0","1.220881","4.522557","1.027157","1.715645","2.023652" 
"ARRGY5729-23100GFC891+133N#","9.790607","0","8.615932","0","0","0.600939","0.573736" 
